T,TM,Tm,H,VV,V,VM,PM 2.5
19.9,27.0,12.0,55.0,4.7,8.7,24.1,255.875
21.3,29.0,15.0,45.0,4.5,6.7,14.8,217.08333333333337
21.2,29.5,14.0,40.0,4.0,5.4,14.8,229.16666666666663
17.3,24.0,11.0,34.0,5.1,11.7,64.4,298.4583333333333
18.2,25.0,10.0,43.0,4.8,6.1,14.8,264.9166666666667
18.1,25.5,13.0,48.0,4.2,7.8,18.3,404.5
19.4,26.0,14.0,44.0,4.8,20.9,40.7,188.5
17.8,24.0,15.0,39.0,5.1,20.7,42.4,164.75
19.6,26.0,12.0,44.0,4.2,5.4,16.5,376.9166666666667
20.1,27.0,13.0,49.0,3.9,4.1,13.0,0.0
20.2,26.5,14.0,60.0,3.1,10.9,24.1,0.0
17.1,21.0,14.0,78.0,3.4,8.7,25.9,57.0
17.2,23.0,11.0,54.0,4.3,5.6,11.1,202.91666666666663
19.1,24.0,14.0,50.0,4.5,8.0,20.6,205.125
18.8,24.0,13.0,36.0,5.3,10.4,22.2,214.125
18.2,24.0,13.0,58.0,5.5,13.7,20.6,315.7916666666667
16.9,22.0,13.0,55.0,5.5,19.3,33.5,322.25
17.9,23.0,14.0,46.0,6.1,18.0,27.8,246.04166666666663
18.6,24.0,13.0,43.0,5.6,16.7,29.4,200.91666666666663
16.8,20.0,13.0,23.0,3.4,22.0,33.5,99.5
18.7,25.0,12.0,16.0,5.0,14.3,27.8,143.91666666666666
17.3,26.0,10.0,30.0,5.8,8.5,22.2,100.25
21.1,28.0,13.0,39.0,4.8,15.7,37.0,165.0
20.5,26.0,15.0,59.0,4.2,8.7,22.2,116.45833333333331
20.6,28.0,13.0,37.0,5.8,9.4,20.6,143.0
24.1,27.0,21.0,66.0,5.8,11.7,25.9,231.125
23.1,25.5,20.0,72.0,5.1,14.3,33.5,218.66666666666663
21.6,27.0,16.0,53.0,6.3,9.6,24.1,211.0
22.9,28.5,17.0,60.0,5.3,8.5,20.6,52.208333333333336
22.7,28.0,16.0,47.0,5.1,11.5,24.1,187.5
21.2,28.0,15.0,39.0,5.8,9.1,24.1,130.16666666666666
23.0,26.5,19.0,35.0,4.8,3.5,18.3,123.125
19.1,25.0,15.0,65.0,5.5,17.8,38.9,120.91666666666669
19.3,25.0,14.0,57.0,5.8,15.9,29.4,153.625
22.8,29.0,17.0,58.0,5.6,10.7,25.9,130.33333333333334
23.2,29.0,19.0,49.0,6.3,8.1,24.1,110.70833333333331
23.4,29.0,18.0,45.0,5.5,10.0,22.2,138.5
21.2,26.0,16.0,48.0,5.6,5.7,20.6,75.75
22.5,28.0,16.0,42.0,6.0,8.9,25.9,146.54166666666666
23.6,30.0,16.0,32.0,6.0,16.1,25.9,116.625
25.2,31.0,22.0,55.0,5.6,20.2,33.5,80.04166666666667
24.4,30.0,21.0,62.0,6.0,11.1,22.2,100.04166666666669
25.8,32.0,20.0,51.0,6.0,11.7,20.6,109.45833333333331
27.6,34.5,21.0,37.0,5.6,7.0,20.6,110.16666666666669
28.0,34.5,22.0,35.0,6.1,8.5,22.2,108.20833333333331
28.7,36.0,23.0,34.0,5.8,15.6,29.4,103.83333333333331
29.8,37.0,22.0,31.0,5.1,9.8,24.1,74.29166666666667
29.6,39.0,23.0,44.0,5.3,9.4,22.2,101.79166666666669
28.3,35.0,24.0,63.0,6.0,10.4,22.2,106.16666666666669
29.1,37.0,22.0,58.0,5.3,9.6,24.1,89.875
29.9,36.0,25.0,56.0,6.1,14.6,24.1,48.208333333333336
29.5,36.0,25.0,57.0,6.0,17.2,35.2,47.041666666666664
28.3,33.0,24.0,64.0,5.3,13.0,27.8,67.79166666666667
29.5,35.0,24.0,52.0,5.6,9.4,22.2,56.666666666666664
30.2,37.0,24.0,36.0,4.2,20.2,55.4,79.0
26.6,30.5,24.0,44.0,5.1,25.4,61.1,123.58333333333331
28.5,34.5,23.0,45.0,5.5,11.7,22.2,80.29166666666667
28.1,33.0,25.0,64.0,6.0,15.6,27.8,137.875
28.0,33.0,25.0,65.0,6.0,17.0,25.9,87.875
29.0,33.0,26.0,67.0,6.0,14.3,25.9,121.20833333333331
30.3,36.0,25.0,45.0,5.6,13.7,22.2,97.04166666666669
30.3,37.0,25.0,44.0,5.8,13.0,25.9,92.08333333333331
32.2,41.0,25.0,26.0,5.3,13.3,25.9,130.625
30.4,39.0,26.0,51.0,5.6,11.7,22.2,90.5
32.1,41.0,25.0,40.0,5.6,10.6,33.5,55.416666666666664
29.6,35.0,26.0,63.0,5.6,19.6,33.5,108.33333333333331
29.0,32.0,26.0,62.0,6.1,22.0,37.0,198.875
29.2,32.5,27.0,65.0,6.3,23.3,35.2,120.70833333333331
30.2,35.0,27.0,62.0,6.1,18.5,29.4,60.541666666666664
29.9,34.0,28.0,65.0,5.5,17.4,27.8,79.0
30.4,35.0,28.0,59.0,5.6,15.4,25.9,133.70833333333334
30.7,34.0,28.0,62.0,6.1,20.7,37.0,65.16666666666667
30.7,35.0,28.0,62.0,5.3,13.7,24.1,44.291666666666664
31.6,37.5,28.0,62.0,5.5,15.0,24.1,40.666666666666664
31.3,36.0,29.0,65.0,5.8,19.4,35.2,124.25
31.7,35.0,29.0,68.0,5.6,16.5,27.8,143.04166666666666
31.9,37.0,28.0,69.0,5.5,13.3,27.8,143.375
32.2,38.0,29.0,65.0,6.0,16.7,27.8,44.791666666666664
31.8,37.0,28.0,65.0,6.4,16.5,25.9,71.95833333333333
31.6,36.0,29.0,69.0,6.0,20.6,31.7,17.5
32.2,38.0,29.0,65.0,6.4,13.5,24.1,101.0
32.3,38.0,29.0,64.0,5.8,15.7,27.8,76.20833333333333
31.8,35.5,29.0,67.0,6.3,16.9,29.4,84.33333333333333
35.7,41.0,30.0,44.0,4.7,14.6,33.5,48.833333333333336
35.3,39.0,31.0,41.0,5.0,18.7,33.5,64.45833333333333
33.4,39.0,30.0,51.0,5.6,13.7,25.9,80.54166666666667
32.1,36.0,30.0,67.0,4.3,14.1,24.1,65.41666666666667
32.0,35.5,30.0,62.0,5.1,17.6,29.4,54.666666666666664
31.8,35.0,27.0,62.0,5.6,18.7,55.4,78.54166666666667
32.7,36.5,30.0,62.0,5.8,16.3,27.8,49.125
32.6,36.0,30.0,62.0,6.0,21.5,33.5,65.875
32.3,35.0,30.0,60.0,5.5,26.9,40.7,72.41666666666667
31.7,35.0,30.0,66.0,5.5,16.9,27.8,184.66666666666663
32.2,36.0,30.0,60.0,6.0,13.1,22.2,113.33333333333331
32.2,36.0,30.0,61.0,5.8,18.5,29.4,146.20833333333334
31.8,35.0,30.0,66.0,5.3,21.3,33.5,112.29166666666669
32.2,36.0,29.0,62.0,5.6,23.3,37.0,60.625
31.9,35.0,30.0,63.0,5.0,25.7,37.0,71.0
31.5,35.0,30.0,60.0,5.1,28.0,42.4,153.41666666666666
31.6,34.5,30.0,59.0,4.8,34.8,59.4,134.95833333333334
31.1,34.0,30.0,63.0,4.5,34.8,46.5,81.125
31.0,34.5,29.0,61.0,5.0,16.1,27.8,52.25
32.2,36.5,29.0,56.0,5.6,14.1,24.1,160.375
32.6,38.0,26.0,58.0,6.3,18.0,27.8,99.375
31.2,34.0,30.0,65.0,4.7,32.2,46.5,31.458333333333332
30.5,33.0,29.0,68.0,5.0,32.2,44.6,47.375
29.4,35.5,28.0,75.0,5.0,27.4,35.2,38.166666666666664
28.9,32.3,26.5,77.0,5.5,24.4,38.9,35.958333333333336
29.3,33.0,27.0,76.0,5.6,18.7,31.7,25.083333333333332
29.7,32.0,27.0,75.0,5.5,19.1,29.4,45.833333333333336
29.7,33.0,27.0,73.0,5.8,18.1,27.8,33.708333333333336
29.7,32.0,29.0,72.0,5.5,17.2,25.9,26.416666666666668
30.3,34.0,28.0,71.0,4.7,14.4,25.9,30.666666666666668
29.7,31.5,28.0,78.0,4.0,13.9,29.4,29.958333333333332
28.3,31.0,26.0,80.0,5.6,3.1,14.8,23.875
29.2,32.0,27.0,77.0,6.4,4.8,16.5,22.333333333333332
29.0,31.0,27.0,80.0,6.1,11.5,25.9,25.083333333333332
29.7,33.0,28.0,69.0,6.3,14.3,25.9,66.79166666666667
29.8,33.0,28.0,68.0,6.1,15.4,29.4,64.875
29.2,31.0,28.0,73.0,6.1,19.1,29.4,47.583333333333336
29.4,32.0,27.0,70.0,6.1,15.7,27.8,33.5
29.6,32.5,27.0,69.0,6.1,17.6,25.9,43.041666666666664
30.2,34.0,28.0,72.0,5.8,18.7,25.9,38.416666666666664
30.6,36.0,28.0,73.0,5.6,10.0,25.9,49.291666666666664
29.7,35.0,27.0,76.0,5.6,12.8,33.5,19.541666666666668
29.0,33.5,24.0,83.0,4.5,6.7,14.8,22.833333333333332
30.5,34.0,27.0,77.0,5.6,12.2,20.6,24.291666666666668
30.8,35.0,28.0,73.0,5.5,14.4,74.1,74.66666666666667
31.2,35.0,28.0,71.0,5.3,14.1,18.3,41.875
31.3,37.0,29.0,71.0,6.0,10.9,22.2,50.583333333333336
30.4,34.5,28.0,68.0,6.0,21.5,29.4,58.125
30.4,34.0,29.0,69.0,5.8,22.8,37.0,57.291666666666664
30.1,33.0,28.0,70.0,6.3,22.8,33.5,38.25
29.9,36.5,26.0,64.0,6.0,12.0,22.2,47.416666666666664
31.4,40.0,26.0,51.0,5.5,12.6,25.9,56.916666666666664
32.1,39.5,26.0,53.0,5.1,8.5,22.2,54.625
29.3,35.0,27.0,74.0,5.3,7.4,37.0,45.958333333333336
29.9,35.0,26.0,72.0,5.0,7.4,37.0,52.25
27.6,34.0,26.0,80.0,5.1,6.3,29.4,43.333333333333336
30.2,34.0,28.0,69.0,6.3,22.6,33.5,41.958333333333336
30.7,34.0,28.0,65.0,6.0,16.9,25.9,0.0
29.9,33.5,26.0,67.0,5.6,18.9,33.5,0.0
28.1,33.5,23.0,53.0,6.1,12.6,24.1,45.75
29.3,35.5,23.0,55.0,6.3,10.9,25.9,70.70833333333333
29.6,35.0,25.0,64.0,5.6,9.3,22.2,51.791666666666664
30.4,36.5,26.0,48.0,4.0,2.2,11.1,0.0
29.8,35.5,25.5,56.0,4.0,5.6,18.3,11.583333333333334
30.5,35.5,26.5,60.0,4.0,8.1,14.8,13.0
29.9,35.0,26.0,44.0,4.0,12.0,25.6,156.25
29.9,37.0,24.5,33.0,4.0,5.0,14.8,156.0
30.0,37.8,25.5,43.0,3.5,4.3,11.1,151.79166666666666
29.4,36.5,24.0,45.0,3.7,2.8,7.6,252.625
30.5,36.5,25.0,29.0,4.0,10.2,18.3,119.41666666666669
29.8,35.0,26.0,30.0,4.0,12.6,29.4,126.0
30.7,35.5,26.5,54.0,4.0,2.4,11.1,232.33333333333337
31.4,37.0,27.0,49.0,4.0,4.3,7.6,215.54166666666663
28.2,32.0,27.0,53.0,4.0,12.6,29.4,239.41666666666663
29.1,33.5,25.0,51.0,4.0,7.4,14.8,196.54166666666663
27.0,33.0,20.0,23.0,4.0,6.1,14.8,232.54166666666663
23.9,29.0,18.5,30.0,3.7,12.0,22.2,185.5
23.9,29.5,19.0,33.0,4.0,12.0,25.9,282.1666666666667
26.1,32.0,20.0,38.0,3.7,3.3,7.6,257.6666666666667
25.0,30.0,20.5,45.0,2.4,9.6,22.2,166.875
22.3,26.0,20.0,62.0,3.5,17.0,22.2,135.16666666666666
24.3,30.5,19.0,63.0,3.7,4.6,14.8,211.45833333333337
24.4,30.0,19.5,69.0,3.7,3.3,7.6,215.5
24.5,31.0,20.0,52.0,4.0,1.5,3.5,223.375
24.4,29.0,20.5,42.0,4.0,9.6,18.3,135.58333333333334
24.4,28.5,21.5,37.0,4.0,12.0,25.9,152.04166666666666
23.1,28.5,19.0,43.0,3.5,6.5,14.8,141.41666666666666
20.4,27.0,14.5,32.0,4.0,1.9,7.6,46.708333333333336
21.4,27.5,15.0,30.0,3.5,11.1,22.2,91.75
22.4,28.0,17.5,29.0,4.0,12.6,25.9,99.91666666666669
21.5,27.5,16.0,29.0,3.5,8.7,18.3,119.70833333333331
20.9,27.0,14.5,27.0,4.0,10.2,22.2,110.875
21.3,28.5,15.5,34.0,3.7,2.8,7.6,200.33333333333337
19.8,25.5,16.0,64.0,1.9,5.6,11.1,203.58333333333337
20.4,26.5,15.0,64.0,2.6,5.2,11.1,25.083333333333332
19.9,24.5,16.0,50.0,3.2,12.4,18.3,57.083333333333336
20.8,27.0,14.0,54.0,3.2,2.4,7.6,349.2916666666667
22.4,29.5,18.0,54.0,2.6,2.4,7.6,188.04166666666663
21.3,26.5,17.0,35.0,3.2,11.5,18.3,310.25
17.6,24.5,11.5,34.0,3.4,7.4,14.8,204.375
17.2,25.5,10.0,42.0,2.6,1.7,9.4,223.25
17.3,26.0,10.5,46.0,2.4,1.3,3.5,248.95833333333337
15.9,22.0,11.5,50.0,2.4,8.7,18.3,nan
15.2,19.5,9.5,34.0,2.7,22.2,33.5,172.75
17.5,22.0,13.5,26.0,3.2,19.8,25.9,146.79166666666666
17.9,24.5,11.5,46.0,2.7,4.6,7.6,113.875
15.7,19.5,13.0,65.0,4.0,15.2,29.4,227.0
16.6,23.5,11.0,50.0,3.1,3.1,14.8,231.25
16.0,22.5,9.0,31.0,4.0,7.8,14.8,272.125
16.8,21.5,12.5,52.0,3.7,10.0,22.2,228.79166666666663
16.1,22.0,9.5,41.0,5.5,7.8,18.3,200.875
16.2,21.5,10.5,37.0,4.0,5.6,14.8,214.04166666666663
17.9,23.5,13.0,29.0,3.7,10.2,25.9,217.25
17.5,24.0,10.0,41.0,3.5,1.9,7.6,212.45833333333337
18.8,25.0,12.5,52.0,3.7,5.2,11.1,202.66666666666663
20.6,26.0,13.5,60.0,4.0,9.6,18.3,138.79166666666666
22.0,27.0,15.5,71.0,3.1,6.1,14.8,153.08333333333334
21.1,25.5,17.0,50.0,4.0,17.2,40.7,159.70833333333334
18.3,25.5,11.5,47.0,4.0,5.9,18.3,151.875
19.7,26.5,13.0,34.0,3.7,9.3,18.3,224.79166666666663
19.8,25.0,16.0,29.0,4.0,9.3,22.2,177.625
19.4,25.5,13.0,44.0,4.0,8.0,18.3,149.625
20.3,26.0,13.0,36.0,4.0,13.5,29.4,161.16666666666666
20.8,27.0,14.0,28.0,4.0,9.3,18.3,136.75
20.7,27.0,14.0,27.0,4.0,7.4,22.2,50.916666666666664
23.1,30.0,17.5,47.0,3.7,5.6,18.3,120.20833333333331
23.2,30.5,16.5,47.0,4.0,6.5,18.3,137.125
22.9,31.0,17.0,55.0,3.7,6.1,18.3,197.08333333333337
27.3,34.0,20.0,32.0,4.0,16.9,25.9,166.375
25.1,31.0,17.5,28.0,4.0,10.2,18.3,126.58333333333331
23.6,29.0,19.5,29.0,3.7,17.6,25.9,94.91666666666669
25.4,31.0,20.5,65.0,4.0,8.3,25.9,133.95833333333334
24.9,31.0,21.0,70.0,3.5,8.7,18.3,69.25
25.4,30.5,20.0,56.0,4.0,14.8,22.2,79.29166666666667
25.4,30.0,21.0,43.0,4.0,12.6,29.4,20.416666666666668
25.3,31.0,20.0,44.0,4.0,7.4,14.8,61.125
25.6,32.0,22.0,51.0,4.0,16.1,22.2,87.79166666666667
22.7,29.5,16.5,40.0,4.0,7.4,18.3,34.916666666666664
23.3,29.5,16.0,42.0,3.7,7.4,18.3,47.5
24.9,31.0,18.0,36.0,4.0,9.8,22.2,81.29166666666667
22.5,28.5,17.0,30.0,4.0,7.4,22.2,56.333333333333336
23.4,31.0,16.5,38.0,4.0,5.6,14.8,20.291666666666668
25.1,31.0,19.0,35.0,3.7,6.9,14.8,34.458333333333336
26.9,34.5,21.0,35.0,4.0,14.8,25.9,83.83333333333333
26.1,30.5,23.5,68.0,4.0,22.2,29.4,89.375
26.3,30.5,24.0,73.0,4.0,12.6,18.3,65.83333333333333
25.3,30.0,23.5,57.0,4.0,5.0,11.1,109.75
23.1,24.5,21.0,67.0,4.0,4.6,22.2,42.916666666666664
23.9,29.5,19.0,58.0,4.0,10.2,14.8,84.41666666666667
27.2,32.5,24.0,59.0,4.0,17.6,25.9,81.20833333333333
27.6,33.5,25.0,59.0,4.0,11.5,18.3,52.291666666666664
29.7,36.0,23.5,46.0,4.0,7.0,18.3,28.458333333333332
30.8,37.5,26.0,35.0,4.0,6.9,14.8,23.666666666666668
28.9,36.5,25.5,62.0,4.0,12.0,22.2,75.16666666666667
28.6,33.5,25.5,65.0,4.0,8.9,25.9,53.125
28.1,33.0,24.5,66.0,4.0,4.6,14.8,76.25
29.8,36.5,26.0,48.0,4.0,18.5,25.9,52.625
28.8,33.0,25.5,66.0,4.0,22.2,37.0,51.375
29.8,34.5,26.5,66.0,4.0,12.6,22.2,45.5
29.6,34.0,26.5,65.0,4.0,20.4,25.9,92.91666666666669
29.6,33.5,26.5,69.0,4.0,10.7,22.2,80.20833333333333
29.3,34.5,27.0,72.0,4.0,9.3,14.8,76.66666666666667
30.5,34.5,28.0,64.0,4.0,13.9,22.2,31.833333333333332
30.3,34.5,27.5,71.0,4.0,11.7,18.3,47.666666666666664
30.4,35.5,27.0,70.0,4.0,14.3,18.3,38.25
31.0,34.0,28.0,58.0,4.0,18.3,25.9,56.25
30.9,34.5,28.5,72.0,4.0,21.3,29.4,103.41666666666669
31.3,35.5,28.5,67.0,4.0,20.7,29.4,76.5
32.0,36.5,28.5,67.0,4.0,13.9,22.2,86.375
31.6,36.0,29.0,70.0,4.0,16.1,22.2,77.70833333333333
30.9,34.0,28.5,70.0,4.0,14.8,25.9,73.41666666666667
31.1,35.0,28.5,67.0,4.0,14.3,22.2,55.083333333333336
31.3,34.5,28.5,66.0,4.0,10.7,18.3,67.45833333333333
31.9,36.5,29.0,59.0,4.0,10.6,18.3,75.04166666666667
32.2,35.5,28.5,67.0,4.0,8.5,18.3,61.5
32.1,40.0,28.5,57.0,4.0,11.1,22.2,68.91666666666667
32.4,36.5,29.0,63.0,4.0,15.7,29.4,42.125
31.2,34.0,28.5,71.0,4.0,24.4,29.4,63.916666666666664
32.1,36.5,29.0,67.0,4.0,26.9,40.7,63.666666666666664
32.6,36.5,30.0,63.0,4.0,25.4,37.0,139.125
31.9,35.0,29.5,70.0,4.0,17.6,29.4,25.458333333333332
32.1,35.5,29.5,67.0,4.0,18.0,25.9,20.75
32.3,35.5,30.0,69.0,4.0,16.1,22.2,40.5
32.6,36.0,29.5,63.0,3.7,6.5,14.8,70.08333333333333
32.9,36.5,31.0,65.0,4.0,13.9,22.2,63.0
33.1,36.5,31.0,65.0,4.0,14.8,22.2,73.83333333333333
32.9,36.5,30.5,66.0,4.0,16.7,22.2,29.5
32.6,36.0,29.5,68.0,4.0,14.3,18.3,54.958333333333336
33.1,38.0,30.5,66.0,4.0,14.8,22.2,77.75
32.8,37.5,30.5,69.0,4.0,16.7,22.2,82.0
33.2,36.5,31.0,68.0,4.0,12.0,18.3,32.583333333333336
33.6,37.0,31.0,64.0,4.0,11.1,18.3,28.375
32.9,35.5,31.0,67.0,4.0,18.0,22.2,28.125
33.5,37.0,31.5,66.0,4.0,18.0,22.2,51.041666666666664
33.4,36.5,31.5,65.0,4.0,19.8,25.9,40.0
33.6,36.5,31.5,66.0,4.0,23.7,29.4,52.458333333333336
35.1,40.0,31.0,58.0,4.0,9.6,22.2,37.625
33.8,37.0,31.5,64.0,4.0,11.9,22.2,34.375
33.8,38.0,31.0,66.0,4.0,14.8,18.3,71.29166666666667
33.1,35.5,31.5,75.0,4.0,10.2,18.3,45.666666666666664
31.6,34.1,28.5,78.0,4.0,6.5,48.2,40.625
32.7,37.5,29.0,70.0,4.0,7.4,14.8,28.25
32.1,35.0,30.0,72.0,4.0,15.7,22.2,30.708333333333332
32.9,36.5,30.5,68.0,4.0,13.3,18.3,10.208333333333334
33.3,37.0,31.0,67.0,4.0,14.8,22.2,0.0
32.7,36.0,30.5,71.0,4.0,13.3,22.2,19.416666666666668
32.1,34.5,29.5,73.0,4.0,25.4,29.4,8.416666666666666
31.5,34.0,30.5,76.0,4.0,23.5,29.4,20.916666666666668
32.5,35.0,31.0,72.0,4.0,15.2,22.2,0.0
28.8,34.0,26.0,88.0,4.0,5.0,14.8,4.833333333333333
29.9,31.5,27.5,84.0,4.0,9.6,21.9,8.291666666666666
32.6,35.0,29.5,69.0,4.0,8.9,14.8,19.833333333333332
33.0,36.0,31.0,68.0,4.0,11.7,18.3,25.791666666666668
33.3,37.0,31.0,67.0,4.0,11.5,18.3,22.708333333333332
32.6,35.5,31.0,72.0,4.0,23.2,29.4,27.125
29.3,35.0,27.0,86.0,3.5,18.3,29.4,47.416666666666664
28.9,30.0,28.0,93.0,4.0,8.7,18.3,33.791666666666664
30.2,32.0,28.0,83.0,4.0,9.8,22.2,54.875
31.2,34.0,29.0,77.0,4.0,22.2,33.5,41.708333333333336
32.0,34.5,30.0,73.0,4.0,18.9,25.9,28.75
32.3,35.0,30.0,75.0,4.0,15.2,18.3,31.0
31.6,34.0,30.0,76.0,4.0,18.0,25.9,14.5
31.8,34.0,30.0,74.0,4.0,14.8,25.9,23.916666666666668
30.5,37.0,27.5,79.0,4.0,4.6,14.8,26.458333333333332
27.3,28.5,26.5,93.0,3.5,12.0,22.2,29.208333333333332
28.4,30.0,27.0,88.0,4.0,3.1,11.1,36.5
27.3,29.0,25.5,94.0,2.6,3.7,11.1,57.25
29.6,31.0,28.5,80.0,4.0,14.3,22.2,44.125
30.0,32.5,28.5,75.0,4.0,15.6,21.9,62.25
30.1,32.5,28.0,76.0,4.0,12.0,18.3,60.125
30.6,33.5,28.5,77.0,4.0,11.1,18.3,54.25
30.2,33.0,28.5,74.0,4.0,21.3,33.5,39.208333333333336
30.1,33.0,28.0,75.0,4.0,14.8,25.9,38.708333333333336
30.2,33.5,28.0,74.0,4.0,13.9,18.3,31.375
32.4,37.0,29.5,64.0,4.0,9.8,14.8,94.375
32.2,36.5,30.0,63.0,4.0,7.4,18.3,85.75
32.1,36.0,29.5,69.0,4.0,8.3,14.8,80.66666666666667
30.7,34.0,28.0,73.0,4.0,10.9,22.2,39.416666666666664
31.2,34.0,29.0,72.0,4.0,6.3,14.8,23.958333333333332
32.3,37.0,29.0,67.0,4.0,6.9,14.8,19.916666666666668
30.6,34.0,29.0,68.0,4.0,17.6,25.9,50.416666666666664
30.8,33.5,28.5,67.0,4.0,17.8,21.9,55.708333333333336
30.6,34.0,28.5,67.0,4.0,15.4,22.2,47.083333333333336
30.4,34.5,28.0,72.0,4.0,11.1,14.8,69.375
30.1,34.0,27.5,75.0,4.0,14.3,18.3,65.375
30.6,34.5,28.0,73.0,4.0,10.2,18.3,75.625
29.8,33.0,27.0,69.0,4.0,14.8,22.2,97.70833333333331
29.9,34.5,27.5,72.0,4.0,10.9,18.3,80.70833333333333
30.1,34.0,27.0,72.0,4.0,9.6,18.3,69.25
31.6,37.0,26.5,18.0,4.0,6.9,10.7,65.375
30.7,38.0,22.5,18.0,4.0,7.8,18.3,84.375
30.1,37.5,22.0,24.0,4.0,8.0,14.8,115.875
31.3,37.0,27.5,41.0,4.0,7.4,18.3,153.375
29.8,36.5,24.0,46.0,4.0,4.6,14.8,162.875
27.6,36.0,20.5,55.0,4.0,6.5,14.8,115.70833333333331
26.3,34.5,20.0,50.0,3.7,3.1,7.6,49.333333333333336
26.2,34.5,19.0,46.0,3.7,1.9,7.6,107.33333333333331
26.2,34.5,19.5,50.0,3.5,4.6,18.3,80.16666666666667
26.8,34.0,20.5,41.0,3.7,2.8,7.6,256.9583333333333
26.0,34.5,20.0,44.0,2.7,3.7,11.1,185.08333333333337
26.7,34.0,17.5,34.0,3.4,4.6,14.8,249.5
25.4,33.5,17.5,38.0,3.2,5.6,37.0,269.5833333333333
25.8,34.0,18.5,40.0,3.7,2.4,7.6,241.875
25.8,34.5,19.0,41.0,3.5,0.9,7.6,176.875
25.9,34.5,19.5,39.0,3.5,2.8,11.1,205.0
25.3,32.0,20.0,41.0,1.8,4.6,11.1,257.4166666666667
25.0,32.5,18.0,46.0,3.1,2.8,11.1,204.75
25.4,31.0,20.5,54.0,2.6,5.4,11.1,160.95833333333334
23.6,30.0,17.5,64.0,3.5,5.6,11.1,268.1666666666667
22.5,28.0,17.5,34.0,3.7,7.0,22.2,278.3333333333333
21.7,29.5,16.0,40.0,4.0,4.3,11.1,256.7083333333333
19.0,23.5,16.0,60.0,3.5,12.4,18.3,156.375
20.1,24.5,16.0,45.0,3.7,20.4,37.0,200.5
20.7,25.5,17.5,45.0,3.5,23.2,33.5,267.0416666666667
23.2,31.5,16.0,42.0,3.7,4.3,11.1,190.5
23.6,31.5,17.5,48.0,3.7,1.5,7.6,236.41666666666663
24.1,32.5,17.0,56.0,3.7,1.9,7.6,187.875
23.5,32.0,17.5,52.0,2.6,3.1,11.1,288.0833333333333
23.4,30.5,16.5,70.0,1.8,1.9,7.6,302.4583333333333
23.0,29.0,17.0,54.0,3.1,6.9,18.3,261.25
19.1,24.5,13.5,40.0,3.7,4.6,14.8,161.375
18.4,25.5,12.0,45.0,3.7,3.1,11.1,157.375
17.6,24.0,12.0,44.0,3.4,4.6,11.1,162.875
17.1,24.0,11.5,31.0,4.0,6.7,7.6,264.5833333333333
19.6,27.0,13.0,29.0,4.0,3.1,11.1,253.29166666666663
18.8,27.0,10.5,38.0,3.7,3.1,11.1,338.625
20.0,26.5,13.5,27.0,3.7,10.2,22.2,210.875
19.1,27.0,12.0,48.0,4.0,2.8,11.1,255.33333333333337
19.7,24.0,14.0,19.0,3.5,18.5,25.9,199.91666666666663
15.4,21.5,9.0,30.0,4.0,10.2,25.9,nan
15.6,24.0,8.0,25.0,3.7,4.1,14.8,230.0488
15.8,24.5,8.0,29.0,4.0,3.1,11.1,229.16920000000005
16.5,23.5,10.0,33.0,4.0,1.9,7.6,161.2552
17.9,24.0,11.0,42.0,3.5,5.6,14.8,172.80880000000002
15.7,22.0,12.0,21.0,4.0,10.4,14.8,68.56400000000002
15.9,23.5,7.5,24.0,4.0,12.0,29.4,75.3756
17.9,27.5,10.0,61.0,3.5,2.8,7.6,289.0272
18.2,26.5,11.0,69.0,3.5,2.4,11.1,246.77039999999997
18.3,27.0,10.5,43.0,3.5,1.9,11.1,241.38800000000003
18.7,25.5,12.0,40.0,3.7,2.8,7.6,208.564
19.3,26.0,13.0,64.0,1.9,3.1,11.1,385.2296
20.8,28.7,12.0,75.0,2.4,11.1,22.2,237.9012
17.4,25.5,9.0,30.0,3.7,2.8,11.1,311.81320000000005
17.8,26.0,8.5,51.0,3.7,2.4,7.6,350.47920000000005
18.1,25.5,12.0,46.0,3.5,2.4,7.6,289.07439999999997
21.1,28.0,14.0,71.0,3.5,8.3,22.2,157.4292
21.4,27.5,16.5,66.0,3.5,3.7,11.1,30.66960000000001
21.5,26.5,15.0,76.0,2.9,6.5,14.8,137.95719999999997
21.3,28.0,14.5,70.0,3.5,6.1,14.8,96.57440000000004
20.1,29.0,12.5,37.0,4.0,3.7,14.8,244.21359999999993
21.0,31.0,11.0,38.0,3.5,2.2,11.1,207.0788
21.0,27.5,13.5,67.0,3.7,5.2,14.8,283.584
23.2,28.5,16.5,75.0,2.9,6.9,18.3,102.188
23.4,31.0,18.5,74.0,3.1,4.1,18.3,55.755200000000016
22.8,31.0,16.5,63.0,2.7,3.1,14.8,48.168800000000005
24.6,29.5,18.5,69.0,4.0,13.9,22.2,373.57
25.0,29.0,22.5,74.0,4.0,15.7,25.9,145.78360000000004
25.9,32.0,21.5,71.0,4.0,12.4,18.3,65.15639999999999
25.1,32.0,16.3,39.0,4.0,7.0,14.8,80.3212
24.9,33.5,17.5,38.0,4.0,6.9,18.3,57.453599999999994
26.2,34.0,21.0,59.0,4.0,7.8,18.3,62.39239999999999
26.8,31.5,22.5,73.0,3.7,12.0,22.2,88.64200000000001
26.4,33.0,23.5,69.0,4.0,9.4,22.2,52.98920000000002
26.8,34.0,23.0,54.0,3.7,9.3,18.3,37.8568
28.3,34.5,23.0,43.0,4.0,10.2,25.9,26.1992
27.4,34.0,22.0,55.0,3.5,8.9,22.2,44.76919999999999
28.0,35.0,24.5,64.0,4.0,9.8,18.3,65.83520000000001
28.3,35.5,22.0,50.0,4.0,5.6,18.3,41.36
28.3,34.0,22.5,52.0,2.3,9.3,18.3,43.90639999999999
27.8,32.5,24.5,71.0,4.0,12.0,22.2,56.097600000000014
29.8,37.0,23.0,33.0,4.0,5.2,11.1,47.7912
29.9,38.0,20.0,31.0,3.7,7.4,22.2,51.92359999999999
30.2,38.5,25.0,44.0,4.0,8.9,22.2,77.42999999999999
33.1,40.0,27.0,16.0,3.5,16.1,37.0,34.9416
32.1,41.0,25.0,14.0,4.0,7.4,14.8,38.5044
30.4,40.5,22.0,24.0,3.7,5.6,14.8,74.868
32.9,43.5,27.0,32.0,4.0,6.3,14.8,124.31920000000002
31.8,38.0,26.5,35.0,4.0,5.6,14.8,91.3028
30.1,38.0,24.5,37.0,4.0,4.6,22.2,67.6664
29.4,35.5,24.5,57.0,4.0,10.2,14.8,67.0532
29.1,34.5,25.5,53.0,4.0,10.7,18.3,34.7364
28.4,32.0,25.0,65.0,4.0,13.0,22.2,44.8592
29.1,32.5,26.0,69.0,4.0,11.1,22.2,67.652
29.9,34.5,26.0,68.0,4.0,10.2,18.3,35.73239999999999
30.6,36.0,26.0,46.0,4.0,12.6,29.4,42.46040000000001
30.3,34.5,27.5,69.0,4.0,8.9,14.8,38.8888
31.9,38.0,25.5,50.0,2.4,8.3,18.3,69.46519999999998
31.3,37.0,27.0,61.0,4.0,7.4,14.8,56.6712
30.6,35.0,27.5,68.0,4.0,7.4,18.3,56.82559999999999
31.9,36.0,28.5,59.0,3.5,15.7,25.9,41.531200000000005
31.2,35.0,28.5,56.0,4.0,13.0,18.3,38.0384
30.9,35.0,28.0,62.0,4.0,13.3,14.8,38.190000000000005
31.7,36.0,28.5,64.0,4.0,11.9,14.8,31.2144
32.4,38.0,29.0,51.0,4.0,11.1,18.3,32.5128
32.1,37.5,29.0,57.0,4.0,15.7,25.9,34.5224
31.5,35.0,29.0,68.0,4.0,18.5,29.4,14.930400000000002
31.6,35.0,29.0,71.0,4.0,11.1,18.3,18.9416
32.1,36.0,29.0,67.0,4.0,8.3,18.3,22.8752
33.9,38.5,30.0,53.0,4.0,10.6,18.3,26.9216
32.2,36.0,29.0,68.0,4.0,11.1,14.8,27.4208
32.3,36.0,30.0,68.0,4.0,17.6,25.9,45.548399999999994
32.3,36.0,30.0,69.0,4.0,21.3,29.4,38.9136
32.9,37.5,30.0,68.0,4.0,15.9,22.2,40.84440000000001
32.6,36.5,30.0,73.0,4.0,15.2,22.2,40.944399999999995
32.6,38.0,30.0,69.0,4.0,19.8,25.9,27.148000000000003
32.1,36.0,30.0,72.0,4.0,16.1,25.9,42.6568
32.4,36.0,29.5,67.0,4.0,14.3,22.2,52.3932
32.4,36.0,30.0,66.0,4.0,16.3,22.2,64.13040000000001
32.6,35.5,30.0,62.0,4.0,19.8,25.9,27.245999999999995
32.3,35.5,30.0,65.0,4.0,25.0,29.4,24.7208
31.7,34.0,30.0,69.0,4.0,25.9,37.0,21.586400000000005
32.1,34.0,30.0,71.0,4.0,23.2,29.4,15.0788
31.9,35.0,30.0,72.0,4.0,20.9,25.9,20.528799999999997
32.1,35.0,30.0,70.0,4.0,19.4,25.9,24.931200000000004
32.6,36.0,30.5,66.0,4.0,18.0,25.9,33.9504
32.5,35.0,30.0,64.0,4.0,20.9,25.6,48.573600000000006
32.2,35.0,30.0,65.0,4.0,23.2,33.5,54.82119999999999
31.4,34.0,30.0,68.0,4.0,24.4,29.4,66.92880000000001
31.6,34.0,29.5,68.0,4.0,21.1,25.9,66.37199999999999
31.9,35.0,29.5,66.0,4.0,18.9,25.9,86.8572
31.4,35.0,29.5,69.0,4.0,24.6,31.3,43.874400000000016
31.5,34.5,29.5,74.0,4.0,20.7,22.2,36.50320000000001
31.4,34.0,29.5,70.0,4.0,18.0,29.4,32.0688
31.2,34.5,29.5,66.0,4.0,23.2,29.4,24.710400000000003
30.7,33.0,29.5,74.0,4.0,23.2,25.9,36.3868
30.9,33.0,29.5,75.0,4.0,18.9,25.9,38.904799999999994
34.0,37.0,29.5,62.0,4.0,9.6,21.9,22.6752
32.9,39.0,29.0,68.0,4.0,10.2,18.3,21.966
32.6,39.0,26.0,65.0,3.2,18.0,29.4,27.975599999999996
29.5,30.0,29.0,83.0,4.0,24.4,29.4,37.78920000000001
29.6,31.0,29.0,83.0,4.0,25.7,37.0,41.2548
30.2,32.0,29.0,80.0,4.0,20.7,29.4,28.0944
30.7,33.0,29.5,76.0,4.0,20.4,25.9,16.9244
30.1,32.5,29.0,77.0,4.0,20.4,25.9,40.0664
29.3,30.0,28.5,82.0,4.0,22.6,29.4,55.27279999999999
28.9,30.5,27.5,79.0,4.0,23.2,29.4,92.22440000000002
28.7,29.5,28.0,79.0,4.0,20.4,25.9,46.3004
28.8,30.0,27.5,79.0,4.0,19.3,21.9,40.7088
28.6,29.5,28.0,78.0,4.0,21.3,25.9,45.9428
30.1,33.5,28.5,70.0,4.0,12.4,18.3,58.692400000000006
30.0,33.0,28.5,69.0,4.0,15.2,22.2,49.1748
29.8,32.0,28.5,68.0,3.7,18.0,22.2,43.6604
29.1,31.0,28.0,71.0,4.0,19.8,25.9,47.4904
28.8,30.5,28.0,74.0,4.0,19.8,22.2,56.0792
29.1,31.5,28.0,72.0,4.0,18.5,22.2,54.30760000000001
28.8,31.0,27.5,74.0,4.0,19.8,22.2,17.219600000000003
29.1,32.0,27.5,74.0,4.0,17.6,22.2,19.5604
30.0,33.5,28.0,70.0,4.0,14.8,22.2,18.348400000000005
29.4,32.0,28.0,72.0,3.7,24.4,29.4,19.0592
29.1,31.5,28.0,75.0,4.0,21.7,25.9,18.274400000000004
29.1,32.5,28.0,71.0,4.0,16.7,25.9,17.0816
31.5,36.5,28.5,66.0,4.0,13.3,21.9,16.3384
32.9,40.0,28.5,61.0,4.0,12.4,25.6,16.571599999999997
33.0,38.0,29.5,60.0,4.0,10.6,18.3,12.142
28.5,33.0,26.5,84.0,3.5,4.6,22.2,14.7208
30.1,34.0,28.0,78.0,4.0,11.1,14.8,16.010399999999997
31.1,36.0,28.0,72.0,4.0,14.8,18.3,15.801199999999996
29.3,32.5,27.0,82.0,4.0,9.3,11.1,16.1372
30.9,36.0,28.5,72.0,4.0,10.2,14.8,25.5264
33.9,39.0,28.5,55.0,4.0,9.6,18.3,20.0376
34.3,38.5,31.5,55.0,4.0,8.3,22.2,20.5936
31.3,35.0,29.5,70.0,4.0,18.0,22.2,24.693999999999996
30.7,34.5,29.0,71.0,4.0,20.4,25.9,24.983199999999997
30.0,32.0,28.5,74.0,4.0,18.5,22.2,25.045600000000007
31.7,35.5,29.5,69.0,4.0,4.6,14.8,85.53319999999998
31.3,36.0,28.5,75.0,3.5,5.9,14.8,180.3516
30.6,35.0,29.0,74.0,4.0,3.3,11.1,164.3928
27.9,30.0,26.5,85.0,4.0,20.7,36.7,14.662000000000004
28.7,31.0,26.5,83.0,3.5,6.5,14.8,14.667599999999997
29.6,33.0,27.5,78.0,4.0,13.3,22.2,16.1116
30.9,36.5,28.0,70.0,4.0,6.9,11.1,32.657599999999995
30.1,35.5,27.5,72.0,4.0,10.6,14.8,31.358799999999995
29.3,33.0,27.0,72.0,4.0,13.1,18.3,62.747600000000006
29.7,37.0,25.0,50.0,4.0,1.9,14.8,11.8348
28.8,37.5,22.5,41.0,3.1,3.1,14.8,10.3696
28.7,37.5,21.5,36.0,3.2,1.9,14.8,29.34520000000001
27.3,34.5,20.5,64.0,3.7,5.9,11.1,34.250800000000005
27.7,32.5,24.5,67.0,4.0,6.9,14.8,54.3156
27.7,31.0,24.5,67.0,4.0,13.9,22.2,22.8296
27.4,32.0,24.0,46.0,4.0,10.2,21.9,203.4036
27.6,34.3,23.0,48.0,4.0,4.6,11.1,135.9304
26.9,34.5,21.5,49.0,4.0,3.7,14.8,107.50640000000004
26.8,34.0,20.0,60.0,3.7,2.4,11.1,34.833200000000005
27.4,36.0,20.0,56.0,3.7,3.1,14.8,30.3316
27.7,34.0,22.5,52.0,3.5,8.5,18.3,24.0192
26.7,32.0,24.0,39.0,3.4,6.9,18.3,23.5772
26.8,35.5,19.0,29.0,3.7,3.7,11.1,176.70680000000002
26.6,35.5,19.5,38.0,3.7,1.5,11.1,209.002
25.2,34.0,19.5,40.0,4.0,1.5,7.6,61.55880000000001
24.9,33.5,18.0,47.0,3.5,4.3,14.8,108.6484
25.1,33.0,17.5,23.0,4.0,4.6,11.1,207.2848
24.3,30.5,16.0,21.0,4.0,10.6,18.3,202.82039999999995
22.9,30.5,17.5,29.0,4.0,8.3,14.8,429.0576000000001
23.5,31.0,17.0,27.0,3.7,11.7,22.2,620.2064000000001
24.8,32.5,19.5,64.0,3.1,4.1,11.1,423.81720000000007
24.1,32.5,18.0,53.0,2.6,3.7,7.6,266.19120000000004
24.2,31.5,19.0,70.0,3.2,3.1,14.8,111.90360000000004
24.1,31.5,18.0,27.0,4.0,7.4,14.8,105.52159999999998
22.9,30.0,18.0,31.0,3.7,11.5,25.9,120.7044
22.9,30.0,18.0,36.0,4.0,4.6,11.1,114.09999999999998
21.6,28.0,16.0,39.0,3.2,9.4,18.3,75.816
21.3,28.0,16.5,40.0,4.0,6.5,14.8,153.416
20.6,28.0,13.5,35.0,3.7,6.1,11.1,413.6992
20.3,27.5,13.5,54.0,4.0,5.6,14.8,160.2556
20.2,27.0,14.5,41.0,3.7,2.8,7.6,120.808
18.6,26.5,12.0,43.0,3.7,4.6,11.1,115.956
17.7,25.5,9.0,33.0,4.0,1.9,11.1,187.49199999999996
19.9,27.0,11.5,59.0,3.5,4.3,14.8,250.23879999999997
22.1,28.0,16.5,77.0,3.1,4.6,14.8,316.75079999999997
22.0,26.0,18.0,60.0,2.7,5.9,14.8,172.09
23.3,28.0,19.5,69.0,2.6,10.2,22.2,326.592
17.5,19.5,16.5,85.0,0.8,7.4,11.1,275.22
19.4,23.0,16.5,34.0,3.7,14.8,25.9,nan
18.9,24.5,14.0,39.0,4.0,9.8,14.8,109.4272
20.0,24.5,15.0,30.0,4.0,14.8,25.9,66.5252
20.6,25.0,16.5,37.0,3.7,7.8,11.1,118.57720000000003
16.6,20.0,14.0,73.0,3.7,9.3,18.3,46.546400000000006
16.3,22.0,11.5,58.0,3.7,5.6,11.1,57.5824
15.9,21.0,10.5,66.0,3.7,6.9,14.8,115.84
18.0,24.0,11.5,45.0,3.7,8.0,14.8,219.76040000000003
18.4,23.0,15.0,45.0,4.0,12.0,22.2,92.87079999999996
21.4,26.5,14.0,70.0,3.5,12.4,22.2,369.626
24.3,29.5,21.5,75.0,4.0,11.5,18.3,82.68519999999998
24.1,27.5,22.0,62.0,3.5,27.8,44.6,36.4816
17.1,24.0,10.5,50.0,4.0,6.1,11.1,329.20759999999996
18.0,24.5,12.0,48.0,4.0,4.3,11.1,259.6004
17.8,25.0,12.0,50.0,4.0,4.3,14.8,487.4559999999999
24.1,29.0,21.0,71.0,3.7,8.3,18.3,95.24920000000002
23.1,30.5,16.5,66.0,3.2,5.4,13.0,39.60159999999999
24.0,28.5,19.0,59.0,3.4,10.7,22.2,383.35919999999993
23.3,29.0,20.0,26.0,3.2,9.1,18.3,75.0
22.4,26.0,18.5,74.0,3.5,6.3,14.8,20.477200000000003
21.6,26.5,17.5,68.0,3.5,7.4,11.1,46.63919999999999
20.9,26.5,16.0,66.0,3.7,3.1,18.3,26.733199999999997
21.8,27.0,14.5,58.0,3.7,8.0,14.8,184.49
21.4,28.0,15.0,61.0,3.7,4.1,18.3,28.080400000000004
23.1,29.0,16.0,50.0,3.7,6.1,11.1,55.91120000000001
24.1,31.5,17.5,42.0,4.0,6.1,11.1,115.2744
24.8,30.5,21.0,51.0,4.0,8.0,14.8,126.8576
24.8,31.0,21.5,69.0,4.0,14.6,29.4,351.6692
24.1,31.0,18.0,61.0,3.7,9.3,18.3,98.82080000000003
24.7,31.5,19.0,59.0,4.0,5.2,11.1,177.3308
24.1,28.5,21.0,40.0,4.0,16.7,29.4,51.90040000000001
24.8,32.0,19.0,57.0,4.0,7.0,25.9,151.54640000000003
25.8,31.0,21.5,44.0,4.0,10.7,22.2,189.69280000000003
24.7,31.0,20.0,55.0,4.0,7.6,7.6,148.6408
26.4,33.0,22.5,58.0,4.0,6.1,18.3,135.9204
26.6,35.0,22.0,46.0,4.0,10.7,22.2,26.367200000000004
26.1,33.5,20.0,47.0,4.0,4.6,14.8,28.69
29.2,39.0,22.0,36.0,4.0,7.8,18.3,102.19080000000002
28.9,37.0,23.0,54.0,4.0,8.3,18.3,293.8332
27.9,33.5,24.0,69.0,4.0,10.7,18.3,69.19600000000001
28.9,35.0,25.0,60.0,3.5,10.9,18.3,59.906000000000006
28.6,35.0,24.5,50.0,4.0,12.6,18.3,53.499600000000015
26.8,32.0,23.5,63.0,3.7,10.6,18.3,58.45079999999999
30.1,38.5,24.0,52.0,3.7,5.6,11.1,28.996799999999997
28.8,38.0,23.0,52.0,3.7,5.6,18.3,36.2556
30.4,40.0,23.0,43.0,3.7,12.6,22.2,40.918800000000005
31.4,41.0,25.0,27.0,3.7,7.4,14.8,49.95839999999999
30.4,40.0,21.5,30.0,3.7,5.0,18.3,43.7888
29.5,41.0,21.5,44.0,3.7,7.4,18.3,73.38640000000001
30.2,38.0,22.0,50.0,4.0,9.4,18.3,301.048
33.6,41.2,25.5,50.0,4.0,12.2,18.3,45.61120000000001
32.9,40.1,28.0,37.0,4.0,14.8,29.4,47.9468
30.7,36.8,26.0,59.0,4.0,10.2,18.3,56.60960000000001
29.0,35.9,25.0,71.0,4.0,12.8,18.3,57.2948
29.9,35.0,25.7,68.0,4.0,10.6,14.8,56.76360000000002
31.5,37.9,25.0,60.0,4.0,11.7,18.3,49.26520000000001
29.9,34.4,26.7,72.0,4.0,13.5,18.3,52.89960000000002
30.8,37.5,26.7,66.0,4.0,13.9,22.2,41.086400000000005
31.5,37.5,27.5,60.0,4.0,13.0,18.3,39.0428
31.2,37.0,27.5,63.0,4.0,14.3,18.3,32.0428
31.4,36.5,27.0,66.0,4.0,13.1,18.3,35.5704
32.0,38.7,27.0,62.0,4.0,13.3,22.2,21.4588
33.2,39.5,31.0,48.0,4.0,18.5,25.9,19.3152
29.8,35.5,29.0,68.0,4.0,27.4,33.5,33.3304
31.1,35.3,27.5,68.0,4.0,19.4,29.4,49.61880000000001
30.7,37.0,27.2,68.0,4.0,16.1,18.3,37.5836
29.4,32.5,27.5,75.0,4.0,13.0,22.2,38.0904
30.3,35.2,28.0,73.0,4.0,14.3,22.2,42.26760000000001
32.5,41.0,28.5,50.0,4.0,14.8,33.5,42.0916
33.8,42.8,28.7,50.0,4.0,19.6,29.4,35.88159999999999
30.9,36.5,28.3,68.0,4.0,19.1,25.9,50.1684
31.0,35.5,27.9,70.0,4.0,14.3,22.2,77.81920000000002
30.6,35.0,28.0,73.0,4.0,19.4,22.2,104.0144
30.9,35.5,29.0,74.0,4.0,22.8,33.5,139.92479999999998
31.6,35.2,28.5,69.0,4.0,16.5,22.2,77.04079999999998
30.9,34.1,28.7,72.0,4.0,21.7,29.4,71.96479999999998
31.2,34.5,29.0,71.0,4.0,23.7,33.5,66.28840000000001
31.1,34.5,29.0,71.0,4.0,23.7,29.4,26.849199999999993
31.6,35.5,28.4,69.0,4.0,19.6,25.9,30.356
32.8,37.5,29.5,60.0,4.0,17.2,22.2,35.041199999999996
30.9,36.9,28.0,70.0,4.0,20.4,29.4,36.6532
30.3,34.2,27.0,70.0,4.0,20.7,33.5,28.91360000000001
30.6,34.3,28.0,69.0,4.0,22.6,29.4,30.5772
30.7,33.5,28.0,72.0,4.0,23.2,29.4,33.0272
31.6,35.5,28.5,69.0,4.0,14.4,22.2,18.8024
32.4,36.3,30.0,66.0,4.0,15.9,18.3,15.899199999999995
31.6,34.6,29.5,69.0,4.0,20.7,29.4,16.698400000000003
31.3,35.2,29.5,74.0,4.0,21.1,25.9,22.1552
31.9,34.5,29.7,72.0,4.0,26.5,33.5,23.021599999999992
31.9,35.0,29.8,74.0,4.0,20.7,25.9,20.737599999999997
32.0,36.5,29.5,69.0,4.0,17.6,25.9,27.681599999999992
33.9,37.8,31.0,66.0,4.0,15.6,22.2,27.294399999999996
32.1,36.3,29.5,74.0,4.0,11.1,14.8,32.7092
31.9,35.5,30.0,74.0,4.0,19.6,25.9,33.1108
31.8,34.5,29.5,75.0,4.0,11.1,14.8,36.5364
30.7,36.5,28.5,77.0,4.0,6.3,18.3,34.970400000000005
28.8,33.5,26.5,86.0,3.7,8.0,22.2,48.963200000000015
28.1,30.5,26.0,88.0,4.0,8.0,18.3,38.348
29.8,33.1,27.0,82.0,4.0,13.0,22.2,44.5212
31.2,37.5,28.0,73.0,3.2,10.4,42.4,25.6252
31.2,36.5,27.0,67.0,3.7,18.5,25.9,14.279600000000002
31.0,35.3,26.6,71.0,4.0,22.0,29.4,9.137599999999996
30.7,34.1,28.0,77.0,4.0,21.3,29.4,24.004
29.9,33.1,28.4,78.0,4.0,21.7,33.5,29.574000000000005
29.8,31.8,28.5,81.0,4.0,12.2,14.8,59.64039999999998
28.4,30.4,27.5,85.0,4.0,8.9,14.8,17.1956
27.6,29.8,26.0,87.0,4.0,13.0,18.3,20.7208
29.0,31.8,25.5,80.0,4.0,12.6,18.3,8.9504
28.1,29.5,27.5,92.0,4.0,15.4,22.2,18.5016
28.7,30.5,27.0,85.0,4.0,12.0,18.3,7.058000000000001
29.3,31.9,27.5,84.0,4.0,11.1,18.3,16.1352
30.1,35.0,28.2,84.0,4.0,7.4,18.3,16.874399999999994
31.6,35.4,27.0,79.0,4.0,11.1,14.8,20.601999999999993
33.2,36.5,30.5,68.0,4.0,11.1,14.8,25.389999999999997
27.8,29.2,26.0,88.0,4.0,3.7,7.6,29.223999999999997
29.3,32.3,25.5,84.0,4.0,12.2,22.2,23.593200000000003
29.3,31.4,28.0,86.0,4.0,12.0,18.3,15.8692
28.3,29.5,27.5,86.0,4.0,16.7,22.2,59.847199999999994
28.3,30.5,27.1,87.0,4.0,13.3,22.2,51.55880000000002
28.9,31.5,27.0,83.0,4.0,13.3,18.3,20.2008
29.0,32.1,26.8,77.0,4.0,16.3,25.9,24.483199999999997
29.1,31.5,27.0,78.0,4.0,14.1,18.3,24.722
29.1,33.0,25.0,78.0,4.0,9.8,14.8,22.3924
29.4,31.5,27.5,76.0,4.0,15.2,18.3,24.8376
30.3,33.5,27.5,73.0,4.0,13.5,22.2,36.83
29.7,33.2,27.0,74.0,4.0,20.7,29.4,24.858399999999996
30.0,34.5,27.0,71.0,4.0,12.2,14.8,16.723200000000002
31.4,35.5,27.0,69.0,4.0,8.0,11.1,18.367200000000004
33.2,39.5,27.8,56.0,4.0,4.8,11.1,15.982800000000005
31.3,37.2,24.9,71.0,4.0,8.5,14.8,9.2884
29.3,33.2,27.4,79.0,4.0,14.8,22.2,12.028000000000002
29.6,33.3,27.0,70.0,4.0,13.7,18.3,46.60320000000001
29.4,32.2,26.4,73.0,4.0,13.5,18.3,55.45799999999999
28.0,32.3,27.0,78.0,4.0,14.8,22.2,17.7328
29.2,32.1,26.5,76.0,4.0,16.3,22.2,23.1428
29.4,33.1,27.5,71.0,4.0,11.1,18.3,19.9016
28.1,33.1,23.0,79.0,4.0,9.6,14.8,18.629600000000003
29.2,32.5,25.5,68.0,4.0,14.8,25.9,10.360000000000005
28.5,33.5,26.5,73.0,4.0,13.1,18.3,7.836799999999999
29.5,33.5,27.0,72.0,4.0,10.6,14.8,7.708800000000002
31.8,38.2,26.0,52.0,4.0,6.1,11.1,11.67
32.5,38.5,28.0,34.0,4.0,9.4,14.8,10.248400000000002
30.7,38.7,24.0,48.0,4.0,7.0,11.1,7.765999999999999
27.7,36.2,19.5,53.0,3.7,1.9,7.6,2.9516000000000004
28.1,36.5,19.5,38.0,4.0,5.9,14.8,4.0935999999999995
28.4,37.6,18.0,43.0,4.0,5.6,14.8,7.42
27.9,33.5,23.5,74.0,4.0,12.8,55.4,66.69080000000001
28.1,33.6,22.8,75.0,4.0,7.4,14.8,206.7064
29.5,36.5,22.5,51.0,4.0,4.8,11.1,191.458
28.7,33.5,23.5,74.0,4.0,12.0,18.3,52.6048
28.9,34.5,24.5,75.0,4.0,7.8,14.8,42.77360000000001
27.3,32.2,23.5,77.0,4.0,5.4,14.8,31.8252
28.3,35.3,21.0,66.0,4.0,5.6,11.1,33.5356
27.5,35.2,21.2,77.0,4.0,5.9,11.1,43.96799999999999
29.0,34.5,25.5,67.0,4.0,7.4,11.1,239.42800000000005
28.8,34.4,25.5,70.0,4.0,10.6,14.8,140.72679999999997
24.8,31.0,22.0,73.0,4.0,2.6,10.7,43.596
25.0,31.0,20.0,67.0,3.7,4.3,7.6,54.7064
26.4,31.5,21.0,68.0,4.0,4.6,11.1,77.08279999999999
26.7,33.0,20.5,72.0,3.4,6.9,11.1,39.322399999999995
27.4,31.0,25.0,74.0,4.0,6.1,11.1,55.20920000000001
25.1,30.5,21.5,55.0,3.7,11.5,29.4,58.584399999999995
25.8,32.0,20.0,75.0,3.1,4.6,14.8,39.96119999999999
25.4,32.5,20.5,62.0,3.1,2.8,11.1,32.7316
26.4,32.5,20.0,57.0,4.0,6.9,14.8,101.56399999999998
24.7,31.2,17.5,65.0,4.0,8.3,14.8,100.72439999999996
23.9,31.5,18.0,55.0,4.0,4.8,7.2,82.83040000000003
23.8,30.0,18.0,74.0,4.0,4.8,7.6,47.2372
22.6,32.0,14.5,42.0,4.0,3.7,7.6,62.81640000000002
22.5,29.5,14.5,63.0,4.0,5.0,14.8,28.8316
23.7,30.5,16.0,59.0,4.0,6.1,7.6,140.5544
21.4,32.1,12.5,58.0,4.0,3.7,7.6,191.73479999999995
22.4,32.1,13.0,60.0,3.7,3.7,11.1,138.6472
22.8,30.5,14.5,68.0,3.4,2.2,7.6,173.86759999999998
22.6,28.7,16.5,38.0,4.0,11.9,18.3,179.34159999999997
22.1,30.6,15.5,40.0,4.0,7.4,14.8,160.9016
20.6,30.5,11.2,49.0,3.7,5.0,11.1,350.5076000000001
22.0,31.5,14.0,48.0,3.7,3.5,7.2,282.8772
20.1,29.5,13.0,41.0,3.7,5.7,14.8,515.4476
19.6,29.3,13.0,42.0,4.0,5.9,14.8,470.01920000000007
17.9,26.5,9.9,51.0,3.7,5.6,11.1,101.41920000000002
18.9,26.5,10.0,52.0,3.5,6.5,11.1,99.8204
19.3,27.0,12.5,41.0,3.7,6.9,14.8,76.98199999999999
20.5,27.8,15.0,45.0,4.0,5.2,11.1,nan
19.4,28.5,11.3,54.0,3.5,6.9,14.8,155.3648
19.1,27.5,11.4,43.0,4.0,6.9,14.8,310.44840000000005
18.7,25.8,11.0,32.0,4.0,9.3,14.8,106.05199999999996
20.1,27.1,12.0,26.0,4.0,8.7,11.1,77.0228
19.8,29.5,13.5,37.0,4.0,7.0,11.1,219.8396
19.9,28.0,12.5,55.0,4.0,6.5,11.1,490.47000000000014
16.6,23.4,11.0,14.0,4.0,10.7,18.3,34.7348
16.3,23.4,10.0,20.0,4.0,8.5,18.3,78.06720000000001
14.8,22.8,6.0,45.0,4.0,5.6,11.1,153.90960000000004
18.6,26.4,9.5,32.0,4.0,12.0,18.3,240.3184
17.9,25.2,13.5,43.0,4.0,6.3,14.8,113.3588
18.1,24.4,13.0,41.0,4.0,5.7,14.8,87.7896
15.2,23.4,7.5,37.0,4.0,7.8,22.2,107.4632
16.2,23.0,7.7,20.0,4.0,12.0,18.3,261.47360000000003
16.6,23.5,9.0,22.0,4.0,13.0,25.9,61.4556
20.1,25.5,12.0,30.0,4.0,16.1,25.9,293.3368
18.6,26.6,12.5,38.0,4.0,7.4,11.1,114.13640000000004
20.5,29.3,9.5,44.0,3.7,4.1,11.1,379.1976
22.1,31.1,14.0,51.0,3.7,6.5,11.1,80.5684
23.5,30.5,15.0,57.0,3.7,7.8,14.8,566.802
24.3,28.8,19.5,71.0,3.7,13.1,18.3,103.9936
21.8,30.4,12.8,29.0,4.0,5.6,14.8,193.59960000000004
22.9,32.2,13.5,58.0,4.0,5.6,18.3,93.97759999999998
22.8,31.5,14.5,64.0,3.2,5.6,14.8,154.0804
22.9,33.0,14.0,72.0,3.5,5.6,18.3,198.7544
24.8,31.0,18.5,73.0,3.4,11.1,18.3,360.53600000000006
25.7,33.2,20.0,65.0,4.0,6.9,46.5,72.06880000000001
25.1,32.0,17.5,62.0,4.0,9.6,18.3,5.7484
25.6,33.5,20.0,73.0,4.0,8.3,14.8,0.0
25.4,34.5,18.0,62.0,3.5,5.6,14.8,32.388
25.4,32.1,18.5,64.0,3.5,6.5,11.1,81.3232
26.7,33.8,19.0,46.0,4.0,11.5,25.9,70.48000000000002
28.9,34.5,25.0,34.0,4.0,11.1,14.8,68.0556
27.1,35.5,20.0,43.0,4.0,4.6,14.8,174.1332
27.1,35.4,19.0,51.0,4.0,7.8,18.3,150.962
27.6,36.2,19.5,37.0,4.0,6.9,18.3,88.738
26.7,35.4,18.0,48.0,4.0,6.5,14.8,105.94880000000003
26.4,33.4,19.9,63.0,4.0,9.3,14.8,60.25240000000002
27.1,31.2,23.0,66.0,4.0,7.4,22.2,52.5956
26.7,32.3,20.8,58.0,4.0,7.0,14.8,31.778800000000004
25.5,31.0,20.5,65.0,4.0,7.4,18.3,50.554800000000014
25.6,32.0,18.5,59.0,4.0,7.8,18.3,155.3808
26.4,31.3,22.0,58.0,4.0,11.1,18.3,15.0744
26.4,32.2,20.0,52.0,4.0,9.3,18.3,7.85
27.6,34.0,21.0,46.0,3.7,12.0,22.2,12.0644
27.3,31.2,25.0,67.0,4.0,15.4,25.9,17.3336
27.2,32.3,23.0,60.0,4.0,14.8,25.9,21.982799999999997
26.8,31.1,23.5,70.0,4.0,14.8,22.2,19.0572
27.4,31.5,24.0,70.0,4.0,14.3,18.3,25.753199999999996
28.9,36.5,23.5,51.0,4.0,9.3,22.2,20.2492
29.3,37.5,23.0,47.0,4.0,10.6,18.3,15.122799999999998
27.9,35.5,23.0,60.0,4.0,10.2,25.9,20.196400000000004
29.7,37.1,24.8,61.0,4.0,13.5,25.9,26.4052
29.1,36.1,25.5,71.0,4.0,12.6,22.2,35.47360000000001
29.5,33.8,26.0,70.0,4.0,12.2,22.2,31.222399999999993
29.6,35.8,26.0,48.0,4.0,14.3,22.2,30.9424
29.8,36.5,25.5,57.0,4.0,15.2,18.3,26.454799999999995
29.3,34.5,25.1,67.0,4.0,14.8,22.2,23.5772
30.0,36.8,25.5,54.0,4.0,10.2,18.3,18.1572
30.0,35.7,26.5,48.0,4.0,13.0,22.2,21.7856
28.8,33.7,25.5,64.0,4.0,14.4,22.2,32.66439999999999
28.3,33.0,23.5,63.0,4.0,13.5,22.2,9.570800000000002
29.6,35.1,24.0,56.0,4.0,10.6,18.3,8.4568
29.7,34.5,25.5,67.0,4.0,8.3,18.3,11.187199999999995
30.4,35.0,26.6,67.0,4.0,14.4,22.2,17.143200000000004
30.7,35.8,26.0,70.0,4.0,11.7,22.2,18.8608
30.8,36.1,26.0,68.0,4.0,11.7,18.3,19.4764
32.1,37.7,28.1,61.0,4.0,15.7,25.9,22.720400000000005
31.2,36.1,28.0,71.0,4.0,17.2,25.9,24.818799999999996
31.2,35.0,28.5,72.0,4.0,18.5,25.9,22.0508
31.5,36.5,29.0,71.0,4.0,14.8,22.2,14.344399999999998
31.1,35.0,28.0,69.0,4.0,17.6,22.2,13.407600000000002
31.1,35.0,28.0,71.0,4.0,17.6,22.2,12.6772
31.6,35.2,29.0,75.0,4.0,23.5,37.0,10.3092
31.3,35.5,29.5,76.0,4.0,23.5,29.4,9.238
31.5,35.0,29.0,74.0,4.0,21.3,33.5,10.6932
31.1,34.5,28.0,70.0,4.0,18.5,29.4,12.928000000000004
31.3,34.0,29.0,73.0,4.0,19.4,25.6,15.094799999999998
31.7,35.5,29.0,75.0,4.0,15.7,22.2,14.273599999999997
32.1,36.4,29.0,71.0,4.0,16.1,22.2,14.609200000000005
32.2,36.5,30.0,75.0,4.0,11.7,14.8,9.868
31.8,35.5,29.0,71.0,4.0,15.6,18.3,14.661600000000004
31.8,35.1,29.5,70.0,4.0,18.0,22.2,15.5908
33.0,38.7,30.5,60.0,4.0,24.1,37.0,17.3424
30.7,34.5,29.0,70.0,4.0,21.7,29.4,11.8424
29.8,34.8,28.5,75.0,4.0,23.7,29.4,11.726400000000002
31.7,35.2,29.5,70.0,4.0,19.4,22.2,17.802
31.8,35.1,29.5,71.0,4.0,19.8,22.2,11.354800000000004
31.6,34.5,29.5,74.0,4.0,17.4,22.2,12.703999999999995
32.4,36.5,29.7,70.0,4.0,17.2,22.2,15.072800000000004
32.2,35.0,30.0,71.0,4.0,14.8,22.2,19.788
32.7,37.0,29.1,67.0,4.0,15.2,22.2,27.67639999999999
32.6,36.5,29.8,67.0,4.0,18.0,22.2,19.4144
32.8,36.7,30.0,68.0,4.0,15.2,22.2,19.5836
32.9,37.7,30.5,68.0,4.0,15.2,25.9,18.3856
32.8,38.5,30.5,73.0,4.0,12.6,22.2,14.356000000000002
31.2,35.5,28.5,80.0,4.0,11.5,18.3,17.8736
32.1,36.0,26.0,74.0,4.0,16.1,22.2,21.225600000000004
31.2,34.5,29.5,73.0,4.0,21.7,29.4,22.6204
31.1,34.0,29.0,73.0,4.0,20.4,25.9,23.341599999999993
31.0,33.2,29.0,71.0,4.0,24.1,29.4,32.587599999999995
31.1,34.3,29.0,74.0,4.0,18.0,25.9,18.2364
31.8,36.0,29.5,74.0,4.0,13.0,14.8,16.8532
31.8,37.1,29.5,74.0,4.0,14.3,22.2,16.303600000000003
29.0,31.2,26.5,87.0,3.4,8.0,14.8,24.6412
31.1,34.5,27.5,75.0,4.0,8.7,18.3,25.6688
30.3,33.0,28.5,79.0,4.0,19.1,29.4,6.3248
30.2,32.0,28.5,77.0,4.0,18.5,25.6,19.6232
29.8,31.5,29.0,81.0,4.0,20.2,22.2,9.7376
29.8,32.2,28.5,77.0,4.0,21.9,25.9,12.8808
29.9,32.0,28.5,75.0,4.0,18.5,22.2,15.344799999999998
28.6,29.5,28.0,79.0,4.0,24.8,29.4,22.42919999999999
28.8,31.0,27.0,79.0,4.0,22.6,29.4,27.1468
29.1,31.4,27.5,76.0,4.0,20.7,25.9,27.024799999999995
28.3,30.0,27.4,79.0,4.0,20.4,25.9,29.920800000000007
28.2,31.0,26.0,82.0,4.0,17.0,18.3,32.069199999999995
29.0,32.3,26.5,75.0,4.0,12.0,14.8,26.6424
28.8,31.4,26.5,72.0,4.0,18.9,22.2,23.0808
28.8,33.2,26.0,73.0,4.0,18.5,22.2,24.190799999999996
28.8,32.9,26.5,75.0,4.0,20.2,29.4,20.632400000000004
28.4,30.7,26.4,78.0,4.0,18.0,25.9,19.097600000000003
28.8,31.5,27.0,74.0,4.0,18.5,22.2,14.287999999999997
28.9,32.5,26.5,70.0,4.0,19.8,25.9,13.515199999999998
28.9,32.0,26.6,73.0,4.0,14.8,22.2,12.2564
28.9,32.5,26.5,71.0,4.0,12.0,14.8,13.958399999999996
29.4,33.5,26.0,68.0,4.0,14.3,22.2,15.918399999999998
28.8,31.5,26.9,72.0,4.0,15.6,18.3,19.2488
29.9,34.0,26.5,72.0,4.0,15.7,22.2,19.5356
30.3,35.4,27.5,71.0,4.0,18.0,22.2,20.3956
30.3,34.5,28.0,70.0,4.0,17.4,22.2,19.8668
28.8,32.0,27.1,76.0,4.0,16.7,22.2,14.034000000000002
29.3,32.3,27.5,76.0,4.0,13.1,18.3,11.538800000000004
30.2,33.5,27.5,72.0,4.0,14.8,22.2,12.8924
32.8,36.1,28.5,65.0,4.0,8.9,14.8,8.7956
30.6,36.5,28.0,73.0,4.0,11.1,22.2,8.8484
31.6,35.5,28.0,68.0,4.0,12.0,18.3,9.8284
29.8,34.5,27.0,65.0,3.5,10.2,14.8,13.9204
29.9,35.5,25.5,61.0,2.9,8.9,14.8,12.255200000000002
31.4,37.8,25.7,60.0,3.7,9.3,22.2,11.192400000000005
31.2,39.5,26.0,45.0,3.7,4.3,14.8,22.7168
29.9,35.8,23.5,65.0,4.0,9.3,18.3,67.0728
29.6,34.1,24.5,75.0,4.0,11.1,18.3,61.2204
30.1,32.7,28.0,73.0,4.0,16.7,22.2,110.9012
30.3,34.2,28.0,76.0,4.0,15.2,21.9,27.678400000000007
30.2,33.9,27.9,74.0,3.5,18.5,25.9,35.188399999999994
30.2,35.3,27.5,65.0,4.0,8.0,11.1,36.379999999999995
29.6,33.6,26.0,70.0,4.0,11.5,14.8,22.43040000000001
29.5,33.2,25.5,72.0,4.0,14.6,22.2,28.6712
29.7,34.9,26.5,63.0,4.0,10.7,18.3,20.097599999999996
29.8,35.3,26.3,70.0,4.0,6.5,14.8,17.037999999999997
30.5,37.1,25.7,58.0,4.0,8.0,14.8,15.282800000000002
30.1,36.2,25.5,64.0,4.0,6.9,14.8,12.550400000000002
29.8,36.0,24.5,67.0,4.0,9.8,14.8,10.526799999999998
29.8,34.6,25.5,72.0,4.0,9.3,18.3,13.153600000000004
32.1,37.5,26.5,30.0,4.0,6.1,11.1,47.0876
30.6,37.9,25.0,39.0,4.0,4.6,11.1,21.757999999999996
30.3,38.2,23.5,37.0,4.0,5.6,14.8,37.1416
29.8,36.8,24.4,51.0,4.0,8.7,18.3,24.232000000000003
28.9,34.5,23.1,42.0,4.0,10.6,18.3,38.02719999999999
27.8,33.5,23.0,53.0,3.5,4.3,18.3,28.3088
27.8,34.1,22.5,61.0,3.2,4.3,11.1,37.705200000000005
25.4,32.8,19.0,57.0,4.0,3.7,11.1,129.02
26.3,32.5,19.1,34.0,4.0,12.2,22.2,263.2796
25.9,31.5,21.5,35.0,4.0,11.7,14.8,59.22800000000001
24.0,31.3,16.0,38.0,0.8,7.4,14.8,112.4252
25.7,30.9,21.0,36.0,1.6,13.9,22.2,186.2728
25.1,31.7,20.0,37.0,2.7,11.1,14.8,115.1908
25.7,30.6,19.0,38.0,2.9,14.3,22.2,159.40319999999997
21.6,27.5,18.0,60.0,4.0,13.5,22.2,209.66160000000008
22.4,28.2,17.5,50.0,2.1,12.0,22.2,95.1752
23.3,30.2,16.0,43.0,3.7,8.7,22.2,123.08
23.2,29.3,16.5,44.0,3.4,12.4,18.3,138.2268
23.3,30.2,17.5,41.0,3.2,9.3,18.3,109.4348
22.4,28.8,17.0,35.0,4.0,7.4,18.3,263.3912
21.8,30.2,13.5,51.0,4.0,5.6,11.1,107.872
22.6,29.9,14.5,66.0,3.2,3.1,14.8,61.37399999999999
21.6,29.4,15.0,44.0,3.7,7.0,11.1,220.0956
21.6,29.7,14.0,40.0,4.0,7.4,11.1,227.5424
21.2,29.5,14.0,47.0,3.2,3.3,7.6,95.5252
20.1,25.8,15.2,33.0,4.0,11.1,18.3,152.7064
21.1,27.5,15.5,30.0,4.0,7.4,14.8,87.28
21.2,28.6,11.5,31.0,4.0,4.1,7.6,139.06279999999998
22.6,29.1,16.5,36.0,3.7,10.0,18.3,195.01599999999996
21.9,28.0,18.0,31.0,4.0,6.5,10.7,272.0328
22.2,29.0,16.5,32.0,4.0,6.7,10.7,220.59160000000003
21.2,28.4,15.5,39.0,4.0,5.7,10.7,312.03679999999997
21.1,27.5,15.5,48.0,3.7,5.2,11.1,299.68360000000007
19.8,27.2,16.5,48.0,3.7,9.1,11.1,262.56
18.9,25.0,14.0,43.0,3.7,6.7,14.8,140.97600000000003
20.8,27.6,14.0,45.0,4.0,8.3,11.1,155.03080000000003
19.5,25.6,13.5,34.0,4.0,14.1,22.2,nan
21.0,28.0,12.0,62.0,4.0,8.3,18.3,231.2724
20.7,26.5,16.0,63.0,3.7,3.5,7.2,136.8084
22.0,26.8,15.0,65.0,3.7,7.2,18.3,339.69199999999995
21.0,28.2,14.5,47.0,3.7,2.6,7.6,357.29760000000005
21.6,26.0,17.5,70.0,3.7,6.7,10.7,363.422
23.0,28.5,18.5,53.0,4.0,6.7,11.1,164.53799999999995
20.3,26.5,14.0,69.0,3.5,8.3,14.8,215.80680000000004
21.1,26.6,16.0,49.0,3.1,12.2,14.8,204.48839999999996
20.9,27.2,16.0,45.0,3.7,6.9,14.8,228.0884000000001
23.8,28.7,18.0,76.0,4.0,9.6,22.2,88.8176
23.9,30.6,19.0,57.0,3.7,5.0,18.3,22.608399999999996
23.3,27.8,19.0,64.0,3.5,5.2,11.1,89.7092
21.4,26.4,17.5,66.0,3.7,13.0,22.2,79.7016
21.2,25.5,17.5,55.0,3.7,8.9,14.8,75.412
20.7,26.5,15.5,42.0,3.7,8.9,18.3,80.8312
21.2,28.2,13.0,51.0,4.0,5.6,14.8,61.028400000000005
21.4,25.8,17.5,45.0,3.7,3.7,7.6,161.7648
22.1,29.7,15.2,50.0,4.0,3.1,11.1,185.9664
22.2,30.9,14.5,50.0,3.5,4.6,11.1,241.5928
25.3,28.5,21.5,77.0,4.0,18.0,25.9,115.9664
24.8,30.2,20.5,63.0,4.0,12.0,18.3,27.3344
24.6,30.1,20.5,64.0,4.0,11.1,22.2,32.84439999999999
23.3,29.9,16.0,20.0,4.0,10.7,14.8,174.01120000000003
23.6,30.1,16.5,28.0,4.0,20.4,40.7,45.13
21.7,27.3,17.0,41.0,4.0,20.0,33.5,102.828
21.2,24.5,18.5,69.0,3.4,5.4,7.6,58.877599999999994
18.3,22.3,14.8,33.0,4.0,15.7,22.2,155.72639999999998
18.2,25.1,13.0,27.0,4.0,8.3,11.1,72.8664
24.1,29.5,16.0,49.0,3.7,6.3,14.8,66.28439999999999
23.8,31.1,16.5,41.0,4.0,4.6,14.8,117.47400000000002
25.1,32.0,17.3,34.0,4.0,6.5,14.8,124.60200000000005
26.4,32.2,22.0,37.0,4.0,10.7,18.3,69.03320000000001
25.4,32.1,20.2,25.0,4.0,6.5,11.1,37.6324
26.5,33.5,17.5,22.0,4.0,9.8,22.2,43.55120000000001
28.2,37.5,21.0,46.0,4.0,7.8,18.3,97.594
27.3,36.2,20.0,49.0,4.0,3.7,11.1,109.7572
28.8,35.2,20.0,43.0,4.0,12.0,22.2,194.0376
29.5,33.5,24.6,65.0,4.0,14.8,18.3,22.906
27.7,33.8,23.5,66.0,3.7,12.0,22.2,76.20840000000001
28.4,34.4,25.0,56.0,4.0,13.9,22.2,33.228
30.8,38.3,24.0,42.0,4.0,8.9,18.3,33.617599999999996
28.4,35.5,25.5,67.0,4.0,11.1,14.8,32.53999999999999
28.1,33.5,24.0,68.0,4.0,9.3,18.3,48.20200000000002
26.8,31.0,21.0,70.0,4.0,8.0,18.3,41.6288
29.8,36.0,23.5,62.0,4.0,7.8,11.1,34.69000000000001
30.5,36.1,25.5,51.0,4.0,5.0,11.1,20.600400000000004
28.9,33.5,24.5,62.0,4.0,14.4,22.2,93.316
29.3,35.1,25.5,63.0,4.0,12.6,22.2,16.4224
29.1,35.5,25.4,67.0,4.0,12.4,22.2,13.9844
29.4,34.1,25.5,66.0,4.0,14.8,18.3,14.7652
30.9,37.0,26.0,59.0,4.0,6.5,18.3,17.674400000000002
32.2,39.5,25.6,32.0,4.0,13.9,22.2,16.192800000000002
31.0,38.2,25.3,45.0,4.0,9.3,22.2,18.1956
29.8,33.5,27.0,72.0,4.0,13.3,18.3,18.1276
30.1,34.8,27.5,61.0,4.0,17.4,22.2,26.58440000000001
30.8,36.9,27.5,69.0,4.0,8.7,18.3,17.889999999999997
30.9,35.5,28.0,67.0,4.0,12.0,18.3,13.674
30.6,34.2,27.5,69.0,4.0,13.0,18.3,11.9824
31.8,37.8,27.0,55.0,4.0,10.7,18.3,14.954
32.3,39.9,28.0,56.0,4.0,13.0,18.3,14.0828
32.1,37.8,27.5,62.0,4.0,10.2,18.3,18.001600000000003
32.3,36.3,29.0,67.0,4.0,18.0,22.2,21.2824
33.2,38.8,29.5,67.0,4.0,13.5,22.2,17.9944
33.1,37.2,29.5,64.0,4.0,16.7,25.9,19.886799999999997
32.3,36.4,29.4,69.0,4.0,17.6,25.9,14.907599999999997
32.8,37.8,29.5,67.0,4.0,18.9,25.9,17.433600000000002
32.7,37.5,29.6,64.0,4.0,19.8,33.5,23.944399999999995
33.1,38.4,30.0,66.0,4.0,10.7,18.3,30.8468
32.0,35.5,29.0,68.0,4.0,13.9,22.2,34.528
32.2,35.3,29.5,66.0,4.0,15.2,18.3,34.579600000000006
